BADN01000445.1_9264,G,A,AACTGGTATAT,AACTGATATAT,TGTCAGGCTGAAATGTGACATTGG,0,0
BADN01000664.1_232,G,A,TAAACGGTGTG,TAAACAGTGTG,AGCAACTTCCTCTGTCATGGTGAA,0,0
BADN01000782.1_21208,T,C,AGTGGTACTGA,AGTGGCACTGA,AATGAAAGGCTTTGATCTCACGCC,0,0
BADN01000904.1_9418,C,T,AGTGACGCCTA,AGTGATGCCTA,GCCTGTGAAAGTGCTGACTGC,0,0
BADN01001141.1_4653,C,T,GACC.CATACA,GACC.TATACA,AAGATTTTCACAAACTGCAGCCGA,0,0
BADN01001386.1_1488,T,C,TTCCCTGGTCT,TTCCCCGGTCT,GTGCTGCAGAGTATGTGGTTGAAT,0,0
BADN01001397.1_7193,G,A,GAGACGGATAA,GAGACAGATAA,TAGAGGTAGTGTGCAAGCATCTCC,0,0
BADN01001424.1_5213,C,T,GCTCCCCCAGT,GCTCCTCCAGT,CCGATGCTGGGAATAGTGACTGG,0,0
BADN01001553.1_4991,G,A,CCACAGTCTTA,CCACAATCTTA,AACAGACAGAAAGAAGGGTCCCTG,0,0
BADN01001564.1_19508,T,G,CTTATTGCTAT,CTTATGGCTAT,CTGCAGCCCTGAGTTTTACAGATG,0,0
BADN01001572.1_438,C,T,GCTCTCAAGAC,GCTCTTAAGAC,CTGGATAACTTTGAACTGCAGGGG,0,0
BADN01001578.1_2419,A,T,ATGACAGAGAA,ATGACTGAGAA,GCATGCAGTTATACAGAGTCACATCT,0,0
BADN01001581.1_6654,G,A,GCCATGCGGAA,GCCATACGGAA,TACTTTACAGTGTTATGGCCAAAGCC,0,0
BADN01001592.1_23229,C,T,CATCCCTTCAA,CATCCTTTCAA,TTCTCCCTGCCCCATCTCTTTTTT,0,0
BADN01001609.1_14142,C,T,GAATACGAAGG,GAATATGAAGG,CCACCTTCTTGGATTTTCGTGAGG,0,0
BADN01001613.1_505,C,T,TGGGCCTCACA,TGGGCTTCACA,GAGGATCCAACAGCATCTCTCGTG,0,0
BADN01001753.1_6183,G,T,TCTATGATGCT,TCTATTATGCT,GCTGCAGTTTGTAATAATAAGCGCC,0,0
BADN01001793.1_365,C,T,GCAGCCCCCCC,GCAGCTCCCCC,CTGTGTCAGTTAATAATTGCTGCAGC,0,0
BADN01001830.1_3328,A,G,CTTCTA.AGCT,CTTCTG.AGCT,AGTGAGTGTGTTGTAGTTTAGCCCT,0,0
BADN01001834.1_15149,C,A,AGCATCGTGCT,AGCATAGTGCT,TGGCTAAATCCAGTCTGCTATAGGC,0,0
BADN01001834.1_17712,T,G,TACATTGTCTG,TACATGGTCTG,TCATTTTCTGCAACTGCTTTCTGC,0,0
BADN01001835.1_12128,C,G,TGGCACAGACG,TGGCAGAGACG,GATACAGGCTTGCTTGCTCACATT,0,0
BADN01001836.1_3257,T,A,AGCCATATCAA,AGCCAAATCAA,GTGCGCGTGGACAGCATG,0,0
BADN01001840.1_1656,T,A,TCCGCT.GCTG,TCCGCA.GCTG,CTTCCTCAGACGCACTGCAGTC,0,0
BADN01001941.1_8475,C,T,CCACACGAGAC,CCACATGAGAC,AGAGGGGTTTGAGGAGAGGATAGT,0,0
BADN01002266.1_3438,A,G,AAGGCACCATG,AAGGCGCCATG,CATGGAGCTTTAACTGGTCTTGCC,0,0
BADN01002302.1_39333,G,A,CAAACGAACAG,CAAACAAACAG,GCAGTACAAATTGGACAAAAACCCAC,0,0
BADN01002418.1_7981,C,T,GATAGCTCCCA,GATAGTTCCCA,TCCAGCTGTCCTTGACTCAAAACT,0,0
BADN01002446.1_12544,C,G,TTTAACTAAAG,TTTAAGTAAAG,GCTCCATTTCCTTACAGCAACTTCC,0,0
BADN01002494.1_2160,T,C,ACCTGTTTTGT,ACCTGCTTTGT,TTGAGTTCAGCAGTAGTGTCTTTCAC,0,0
BADN01002730.1_2003,G,T,CACATGCGTAC,CACATTCGTAC,ACGGGCAGTAAAGGGTTAAACGTA,0,0
BADN01002735.1_8816,C,T,GCAGTCTGATG,GCAGTTTGATG,TGCATTTCCTGGGAGATACTGGTT,0,0
BADN01004216.1_9674,C,A,TGGGCCTGGCC,TGGGCATGGCC,ATAGAGGACTTACTGCACATGGGC,0,0
BADN01004233.1_2995,A,G,AGTGAACAGAG,AGTGAGCAGAG,ACCACAGACGGCATAGAGAAACAT,0,0
BADN01004738.1_15903,G,C,ACACAGACTGT,ACACACACTGT,AGCGATGTTTGTCAAACCTTCACA,0,0
BADN01004887.1_2949,G,A,TGTGAGATGCA,TGTGAAATGCA,ACAGACCAATGAGGACACATGTGA,0,0
BADN01004922.1_1259,A,G,ATATAAAATAG,ATATAGAATAG,TCATTTGCTGACTTGGCATACAGT,0,0
BADN01005541.1_8858,A,G,GCATTAATATT,GCATTGATATT,TCCACAAATACTTTTCAAACGACGTCA,0,0
BADN01005689.1_4692,A,T,TGCACACACAT,TGCACTCACAT,AGAGACTCACTGAAACACTGTCCC,0,0
BADN01005955.1_32201,T,A,CATCTTGGCCT,CATCTAGGCCT,TTGCCTTTCTGACCAGCATACAAG,0,0
BADN01005993.1_31502,A,G,GGTCAAAATGA,GGTCAGAATGA,GAATCAAGGCTTGCCGATGAATCA,0,0
BADN01005993.1_32895,A,C,TTGACAGCCAG,TTGACCGCCAG,GCCACTGCAGGAAGTTAAAGCTAC,0,0
BADN01006149.1_14799,G,A,TTCTCGTGAAG,TTCTCATGAAG,GAGAGTTGCCGTCTCAGAAGAGG,0,0
BADN01006838.1_2861,G,A,ACACAGGAACA,ACACAAGAACA,AAGAAAATAACAGTGCAGGGCAGG,0,0
BADN01007184.1_8128,G,A,GCGCAGGTGAT,GCGCAAGTGAT,AAGACCTCCATCGCTGGACATC,0,0
BADN01008349.1_8887,A,T,TTGGAAA.TCT,TTGGATA.TCT,CCAGCACCTTGTTTAATCCATGCT,0,0
BADN01008768.1_4115,A,T,CCTCCATAACT,CCTCCTTAACT,CTGTTGCTGAATGCCTCTGCTTTC,0,0
BADN01009426.1_1232,T,C,CCTTTTTCCCT,CCTTTCTCCCT,GTTGTGTCAGATGGGCTAAAGGGA,0,0
BADN01009542.1_3209,A,C,TAACAAGAACT,TAACACGAACT,CGTGAGAGGGTTGGATAAAACAGC,0,0
BADN01011341.1_7380,G,A,AGACTGTTTTG,AGACTATTTTG,TGGAAAGTGTTTATGTGTCCAAGGG,0,0
BADN01011365.1_10899,A,G,TGAGAACTGGG,TGAGAGCTGGG,ATAAATGGCTTTGGGAATTGGGGC,0,0
BADN01011365.1_5538,A,G,ACAACAATACC,ACAACGATACC,TGCTTAATACATGGAAGGGAGCGA,0,0
BADN01011378.1_4248,C,T,GTCACCACTGC,GTCACTACTGC,TCTCTCTTTCACCACAGCTGTTGA,0,0
BADN01011382.1_4194,A,G,TCTGTACCCTT,TCTGTGCCCTT,AACAGGTGTTTGGGTGCTTATCAC,0,0
BADN01011511.1_4422,C,T,TCTGTCTGTAA,TCTGTTTGTAA,GAGTCTGTTAGTGTCGTCCCACTT,0,0
BADN01011773.1_351,A,G,GACGCATTATA,GACGCGTTATA,ATCTGGTAAGTAGGGTCAGGACGC,0,0
BADN01011800.1_6498,G,A,TTCA.GGATAG,TTCA.AGATAG,GATGGCTCCGAAACCAGAATCATC,0,0
BADN01012333.1_6305,C,T,GCTC.CCGCTG,GCTC.TCGCTG,ACAGACATTGTAAAATTTCCCTCAGATCT,0,0
BADN01012513.1_4727,C,T,ATCATCGGCAT,ATCATTGGCAT,TCTCTGCAGAATCTCTCCCAGTTG,0,0
BADN01012602.1_7316,C,T,GATATCGCTCC,GATATTGCTCC,AGGGATGAGAGGGACACAAACATG,0,0
BADN01012928.1_6882,C,T,CCTTCC.GAGT,CCTTCT.GAGT,GAGTGTTCCAGGTAACCACTTCCC,0,0
BADN01013043.1_11522,C,T,TCCTCCTCCCT,TCCTCTTCCCT,CAACATCTTCGCTCCCTTGTCAAA,0,0
BADN01013056.1_7079,G,A,TGTCCGTAACA,TGTCCATAACA,GCCTTGGGTTGCAAAAGAATCACT,0,0
BADN01013368.1_19326,C,T,GAGAGCGAGGA,GAGAGTGAGGA,TTTTCGAACTCTGGATCAGCCTCT,0,0
BADN01013711.1_2962,G,A,ATCACGTCTGT,ATCACATCTGT,AACGATGGCTTAGTCCCATTGAGG,0,0
BADN01013940.1_3108,A,G,CTGCCAGCCAC,CTGCCGGCCAC,ATTCACCTTCTGTCCATCCTCCAG,0,0
BADN01014241.1_1891,G,A,TGGGGGTGTGT,TGGGGATGTGT,AGTACAGTGCTTAGCTTTTGTGCC,0,0
BADN01014245.1_3368,G,A,AGTTAGA.TTT,AGTTAAA.TTT,GCGCCCTGCAGCTATAATTATGTC,0,0
BADN01014263.1_1269,A,G,ACGGGAACTTC,ACGGGGACTTC,GCTATGTTTGCATGCTTAAACCGC,0,0
BADN01014545.1_1865,G,T,ACAGAGGAACA,ACAGATGAACA,AAAAGGGAAAAGGTGGTAGGAGGC,0,0
BADN01014613.1_24880,A,G,AAGTTATTTTC,AAGTTGTTTTC,AGGTGAAACAGATTGAGCACCAAG,0,0
BADN01015132.1_4139,G,A,AAAAAGAGGAT,AAAAAAAGGAT,GCTAAGTCAGTGTGCCTGGTAACT,0,0
BADN01015268.1_3715,T,G,TGGCCTGCCCA,TGGCCGGCCCA,GTTATGCTAATTGGCTGGTGGTGG,0,0
BADN01015376.1_1843,T,A,AGTAGTGACCG,AGTAGAGACCG,GCCTTATGTATGACTTTGCCAGGG,0,0
BADN01015386.1_956,A,G,CGAAGACACTA,CGAAGGCACTA,AGTGTGAAATGGAGTTACAGGCGA,0,0
BADN01015498.1_6536,T,G,CAATATCTATC,CAATAGCTATC,AGCATGCTTACAGTCATCACATACATG,0,0
BADN01015876.1_1945,A,G,GCTGCAAAGCT,GCTGCGAAGCT,GATGATAATGGGCGAGAAAGCAGG,0,0
BADN01016098.1_2791,G,T,ATCTGGTTCTT,ATCTGTTTCTT,TCTGATCTCCACCAATTCCTGAGG,0,0
BADN01016309.1_9855,G,T,ATGTTGCTTGC,ATGTTTCTTGC,ATTCAAAGTGGCAACCGTCAACAT,0,0
BADN01016640.1_6107,C,T,CAGAGCAACGC,CAGAGTAACGC,GTAGACAGGCTGTGGGAGGATTTC,0,0
BADN01016962.1_7022,C,T,TCCAGCTATGT,TCCAGTTATGT,GTGTGTGTCCTCTCTTCTCCTCTC,0,0
BADN01017105.1_9741,C,T,CTCTCCCTGCC,CTCTCTCTGCC,GAAATTCGATTTGAACGCGGCTCT,0,0
BADN01017325.1_2169,C,T,CATGTCGCTCC,CATGTTGCTCC,TTTACCGTCCCTTTCACCCCTTTT,0,0
BADN01017607.1_752,G,A,CTGTTGTTTTA,CTGTTATTTTA,GCAGCAGACATTTAAATTATCACAGCA,0,0
BADN01017626.1_5109,A,G,GTTTTACGGCA,GTTTTGCGGCA,GACACCTAACACAGCAGCTCTACT,0,0
BADN01018438.1_10508,C,G,AAACCCTACAT,AAACCGTACAT,TGAATGTAGGTTTGTTGCCAGAGC,0,0
BADN01018913.1_834,C,G,GTAAACCTTTA,GTAAAGCTTTA,CTTATCTATGTGAACCAGGTGTGTTGT,0,0
BADN01019062.1_8588,G,A,AAACCGACGTT,AAACCAACGTT,CTGTTAAAGCCGACTGACAGCTG,0,0
BADN01019759.1_8524,C,T,AGGCTCCTCAT,AGGCTTCTCAT,CCTTCATGTCACGTAATGGGGTTC,0,0
BADN01021226.1_6023,A,C,ATGCCAAGGAT,ATGCCCAGGAT,CCATGCATGCTCATACACACTCAG,0,0
BADN01021577.1_1709,G,T,AGAATGGCAGC,AGAATTGCAGC,TGTTTGTAGCATGCTTCTTCGTGG,0,0
BADN01022062.1_1904,A,G,CAACCAGCATG,CAACCGGCATG,AGTAAGACACACACACACACGAGA,0,0
BADN01022352.1_4685,A,G,CCCGGAGGATT,CCCGGGGGATT,ATACTAGCAGAGACAGACCTGGGA,0,0
BADN01022692.1_2241,G,A,TCATCGACACA,TCATCAACACA,TGGGGAAATGCTGAACTGATTAGC,0,0
BADN01023442.1_1276,C,T,CTTTGCGCTCG,CTTTGTGCTCG,AGTGACATCTGTGGCCGTTAAATG,0,0
BADN01023469.1_2605,C,T,GACCTCGCTCA,GACCTTGCTCA,CAGTACCTTCAAGAGCAAGGCATG,0,0
BADN01024136.1_1269,G,A,TTATTGAGGCT,TTATTAAGGCT,TGCCTGGAAAAGAAATTGTGCTGT,0,0
BADN01024210.1_31269,C,T,GGGAGCGATGA,GGGAGTGATGA,CTCTGGGTCTGGGAGGGAGAG,0,0
BADN01025282.1_9790,T,G,ACAAGTATCAA,ACAAGGATCAA,CGACTGTTTGTCCTCATGAATATCTGA,0,0
BADN01025893.1_1231,C,T,TCTTTCTGGAG,TCTTTTTGGAG,CAGATGATTCTGCAGTGGCCG,0,0
BADN01026007.1_15834,C,T,TTCTCCACACA,TTCTCTACACA,CCTCACCCATCTTGTCAGCAAATG,0,0
BADN01026026.1_12955,G,A,TCTCCGGTCTG,TCTCCAGTCTG,TAACTGCCTGCATGCATCATTTCC,0,0
BADN01026037.1_2827,C,T,GCCACCG.G.T,GCCACTG.G.T,GTTCATGTATGAGTGCAGGTGCTG,0,0
BADN01026705.1_1213,G,A,GACACGCATTC,GACACACATTC,CCTCAGAAACTCTGTAATAGGCACAG,0,0
BADN01027151.1_5896,G,A,.CTCCGGTTCT,.CTCCAGTTCT,CTGGACATGTTCAATGTAGCAGGC,0,0
BADN01027163.1_3934,C,T,AAATACTTCTA,AAATATTTCTA,ACCAGGAAGCCTCACCTTCAAAAT,0,0
BADN01027585.1_454,T,C,ATGTGTGGACA,ATGTGCGGACA,CTTCTGTATACTCTCCCAGCGGAC,0,0
BADN01028299.1_514,G,A,ACAGAGAGGGA,ACAGAAAGGGA,TGAGCATTTCAACAGGACACTCCT,0,0
BADN01028862.1_4936,G,A,TGTGTGTGTGT,TGTGTATGTGT,AAGCCTGAGATTTACACCTCGACA,0,0
BADN01029081.1_18656,A,T,GAGAAAA.ACA,GAGAATA.ACA,CATCTTCCATTCACACAGCACACT,0,0
BADN01029300.1_2959,T,C,ACTAATGATGC,ACTAACGATGC,CAAGACAGTGGTGAACATGGTGTC,0,0
BADN01029452.1_15039,C,T,AACATCTGTAA,AACATTTGTAA,TCACTGTCCTTTCTGCCATGTATCA,0,0
BADN01029483.1_2458,A,T,ATTG.ACTGCA,ATTG.TCTGCA,ACGACAACATCCACTCCACTTACT,0,0
BADN01029764.1_15277,T,G,CATACTGTACT,CATACGGTACT,CCTCCCTCCCACACAAGAACATAT,0,0
BADN01030571.1_4499,A,G,CATCCATTAAT,CATCCGTTAAT,GAGCTGTCCGTCTTACCACATCC,0,0
BADN01032801.1_1821,G,C,TCT.TGTGTGC,TCT.TCTGTGC,AAACTCATTCACCACCCACCACTA,0,0
BADN01033018.1_165,G,A,ACGAAG.TACA,ACGAAA.TACA,CTCATTTCCCCGGCAACCACAG,0,0
BADN01033081.1_3421,A,G,GGATTACACTG,GGATTGCACTG,ATCCGGTGCTTTTTTTGGTCACTT,0,0
BADN01033132.1_1277,C,T,CTTAGCCCACG,CTTAGTCCACG,TGATGTTTGGAGTCCAGTGGCTTA,0,0
BADN01033187.1_1509,T,C,AGGTCTACAGG,AGGTCCACAGG,AGTGTAGCAGAAAGTCAGGTACAACT,0,0
BADN01033752.1_2885,T,C,CACTGTGGTTT,CACTGCGGTTT,CAGCAAACCTTGGGAAGCTGTAAT,0,0
BADN01033763.1_9643,C,T,ACACACAGACA,ACACATAGACA,AAAACACACACTCATGAGCACACA,0,0
BADN01033901.1_735,A,G,G.GGGAGGAGA,G.GGGGGGAGA,CCTGTATGTGACTAACGTGTGTGC,0,0
BADN01034341.1_6446,T,C,GGGTGTTACAG,GGGTGCTACAG,AGGATGTTCAAAGGTGGAGACAGA,0,0
BADN01034348.1_2858,G,A,TTTAAGTGTGC,TTTAAATGTGC,GAGAGGGTACGGAGAAGTGATCAC,0,0
BADN01035092.1_4669,T,C,CTGCTTGCCTC,CTGCTCGCCTC,CCTGTTGACTGTGGCCTTGAGATA,0,0
BADN01036219.1_831,A,G,TGGATATTTTT,TGGATGTTTTT,TGGCACATTTTGAGAACTTAGCTGG,0,0
BADN01036226.1_1764,C,T,GATATCGACCA,GATATTGACCA,CAGGGAGTTTGAGGAGACGATGG,0,0
BADN01036387.1_9607,G,T,TCGCTGTTATC,TCGCTTTTATC,TGCTCACATGCATGTTGAAAGAGT,0,0
BADN01036484.1_7898,A,G,CAGCAAGCTGG,CAGCAGGCTGG,AGGCAAGTGCATACATAGCATAGC,0,0
BADN01036790.1_1994,A,G,TTTCAACCTTC,TTTCAGCCTTC,AACATGACCTATTTGTTTACCCTCAGG,0,0
BADN01036963.1_3436,C,T,GCGCACAACAG,GCGCATAACAG,GTTGCCCTTTCACACATGTAGCG,0,0
BADN01037976.1_219,A,G,GAGGGAAAGTC,GAGGGGAAGTC,CAGCCACAGCCCTCAGATAGAG,0,0
BADN01037979.1_532,T,C,GT.ACTGGAGC,GT.ACCGGAGC,TCCAGTATCTGAGAGAGAGAGTAGTGT,0,0
BADN01038714.1_13935,T,A,CAGTGTCTGTT,CAGTGACTGTT,ACCATGGGATATGACCAGTACAGTG,0,0
BADN01038760.1_1627,A,G,TTTACAGTGGC,TTTACGGTGGC,ATGCGTGCATGCTCATGTGTTTTA,0,0
BADN01038817.1_4299,A,T,CTGGCA.AAAA,CTGGCT.AAAA,TGACTGCCGACATCAATATACTCTGA,0,0
BADN01038903.1_8263,C,T,CTGCACAAAG.,CTGCATAAAG.,GTCAGTTATGGTATATGAGGTCAAACGT,0,0
BADN01038929.1_7947,G,T,CAACCGGTTCA,CAACCTGTTCA,ACTGCAGGGCCTTAACAATATAGGT,0,0
BADN01039266.1_785,A,C,TGTGAAAAACT,TGTGACAAACT,CCATCCTTGTGTTGATACTGCAGC,0,0
BADN01040743.1_556,G,C,AGGCAGT.AGC,AGGCACT.AGC,AATGCTCCTTGACCTCAGAAGTCA,0,0
BADN01040951.1_1696,T,C,TGAGATGCTGT,TGAGACGCTGT,TTGGCATCCTGGAAACAAGCTTTT,0,0
BADN01041447.1_8375,T,A,CTACATGGTGA,CTACAAGGTGA,ACACACCCCATCAAGAATCCTACA,0,0
BADN01042428.1_10348,G,A,GCAGCGTTATA,GCAGCATTATA,GTGGGTATGTGAATGAGCATGCTC,0,0
BADN01042455.1_6873,C,G,CCTCTCATGTT,CCTCTGATGTT,GCAGTGCCACTAGTTCTTCCTCT,0,0
BADN01042530.1_418,C,T,ACCCCCGAAAT,ACCCCTGAAAT,ACTGCAGGGCTATGAGGTGATTTC,0,0
BADN01042796.1_2544,G,A,CCACAGTTTGA,CCACAATTTGA,GCCAGAGATTCCAGTTCTTACCCA,0,0
BADN01043107.1_5938,T,A,TTTGTTCTAGA,TTTGTACTAGA,AGTGAATCACAAACAGCCAAACCA,0,0
BADN01043658.1_8812,T,C,TTTGTTTAATT,TTTGTCTAATT,TGGCCCTATGTAAAGTGTGAGTTTTG,0,0
BADN01044032.1_6731,G,A,GAAAGGTCTAA,GAAAGATCTAA,CAAAGGACTTGTGAAAACGCCTGT,0,0
BADN01044108.1_920,C,G,ACTGACTACTG,ACTGAGTACTG,CACAATCAGCCTGTAACACTTGGG,0,0
BADN01044297.1_7213,C,T,GCAGCCGGGCA,GCAGCTGGGCA,GAGGAAGCCCTGCAGAGCA,0,0
BADN01044970.1_1158,C,T,ACGACCGATTA,ACGACTGATTA,GCACTGCTACAACTCTCTTACGAC,0,0
BADN01045748.1_11139,A,C,TGGCTACTTAA,TGGCTCCTTAA,TGATATTCCTGTTTTGGTCTCTCCCA,0,0
BADN01045748.1_11458,C,A,GATAGCAATGT,GATAGAAATGT,GTAACAGTGGAGCAGAGGAGAGAG,0,0
BADN01045748.1_2702,A,T,GTGTCATTTCT,GTGTCTTTTCT,CTGCGTGGGGGCTGTAGAAA,0,0
BADN01045751.1_3996,C,G,CAAGACCTTCA,CAAGAGCTTCA,AGTAGCGTGATATGCAAGACCTGT,0,0
BADN01046003.1_7545,G,A,CGCTGGTAGAA,CGCTGATAGAA,ACATGAGTGGATTCAGGACCAACT,0,0
BADN01046129.1_1748,T,G,TTCTCTTGGCA,TTCTCGTGGCA,ACTGCAGAAGACATCCCTCAGTTT,0,0
BADN01046228.1_246,A,T,CACACAATTTA,CACACTATTTA,CCTTTCACTGCCGTCTGAGAATTG,0,0
BADN01046419.1_13823,G,C,GAGGAGGCAAA,GAGGACGCAAA,CCTGTCACAACACACACATAATGAGG,0,0
BADN01046494.1_8770,A,G,ACCA.AAAGTA,ACCA.GAAGTA,GCAGATACAGAGTAGAGAGTAGATGCA,0,0
BADN01046749.1_2173,C,T,GCCTGC.GAGA,GCCTGT.GAGA,AGCTCTCTTTCACTCCTCATTGCA,0,0
BADN01046817.1_2820,A,C,GAAAGAAGAAC,GAAAGCAGAAC,AAGCCTGCTCAAATGTGATTGGTC,0,0
BADN01046819.1_1760,C,T,AGCATCTTAAA,AGCATTTTAAA,TGAGTTGCTGGGTTAAGTCTCTGT,0,0
BADN01046821.1_5451,C,T,ATATTCTGAAA,ATATTTTGAAA,TGAGGTTGACAGAGAGTAAGAAATACAGA,0,0
BADN01046961.1_2052,C,G,TCCCACTGGAA,TCCCAGTGGAA,TGGGAGAGAGCACACTTTACTTCC,0,0
BADN01046966.1_9319,G,A,TCTGAGGCTTC,TCTGAAGCTTC,CTCTGGGGAGAGCATTCTTCTGC,0,0
BADN01047068.1_17695,A,G,ATCCAATTTAG,ATCCAGTTTAG,CCTTGAGGGCAGTTGAGCATTTTT,0,0
BADN01047722.1_3317,A,T,TATGCAGGGCT,TATGCTGGGCT,CGTAGGTTGCCATGATTTCATCCC,0,0
BADN01048498.1_8872,T,C,TATACTGTAGA,TATACCGTAGA,TCCTGTGGACATCCTATCTGTTTGT,0,0
BADN01049133.1_3209,T,A,TGGTTTATGAC,TGGTTAATGAC,TTTTGGAGCTGTAGGACACCTGAG,0,0
BADN01049620.1_7381,T,C,AAGCATGATAA,AAGCACGATAA,TGACTCTTCTATGATAAGTTGACAGGCA,0,0
BADN01050063.1_2026,C,T,TATTCCAGTGT,TATTCTAGTGT,TTACATGCACAACTCACAACTGCA,0,0
BADN01050392.1_816,A,G,AAAGCAGACCT,AAAGCGGACCT,AATACGAGAACCAGGGCAACTGTC,0,0
BADN01050565.1_4318,G,A,AAATTGCTAAC,AAATTACTAAC,ACTTTATTCACTGCTGTTGTTCCTGT,0,0
BADN01051209.1_15346,A,T,CAAAAAAAA.T,CAAAATAAA.T,TCTCGTCTAAACATATGCGCCTCA,0,0
BADN01051345.1_9373,G,A,GTCAGGCAGGT,GTCAGACAGGT,CTGCATGGAGTCAGGACACCT,0,0
BADN01051401.1_742,T,A,GCAATTCTTCC,GCAATACTTCC,ACACAGCTTTGCCATGATTTGTCA,0,0
BADN01051611.1_3780,T,C,TTCAGTGTGTC,TTCAGCGTGTC,CCAAGCCCTCTACCTCCATTTCAG,0,0
BADN01051708.1_4740,A,G,CTACTAGCCAA,CTACTGGCCAA,GAGGAATTTAACAAGGATGCAGCTCT,0,0
BADN01052261.1_3258,C,T,GCTAACTTTAG,GCTAATTTTAG,GTCATCTGTGTCTGACTGTTGCAT,0,0
BADN01052362.1_1145,C,T,TCCAGCGCAAG,TCCAGTGCAAG,AGAGATTAAAGAGGAGAGGCTGCG,0,0
BADN01052978.1_435,G,C,CATG.GAAAAC,CATG.CAAAAC,TGCAACAACCAAAAGTGTTACCCT,0,0
BADN01053040.1_11901,C,T,CGTCTCGTTAA,CGTCTTGTTAA,TGCATTGGAGATTTCCCCTAATTCAC,0,0
BADN01053233.1_1510,T,G,AATTCTGTGTA,AATTCGGTGTA,TGACCCAAGAGTGTGTTAGAATGACA,0,0
BADN01053915.1_13691,C,A,TGATTCATTTA,TGATTAATTTA,TGGCTCAGACATGTATGCTTTGATG,0,0
BADN01055356.1_474,G,A,ACGACGTGATA,ACGACATGATA,ATTGATGGGTCCTCAGTGTCCATT,0,0
BADN01055419.1_351,G,A,TCAGCGGTCTA,TCAGCAGTCTA,ACTGTGGAGTCCATCAGCTTTCTG,0,0
BADN01055553.1_3378,G,A,TAAGCGACAAC,TAAGCAACAAC,ACGTTATGTAGCCCCAAAGTAAGC,0,0
BADN01056378.1_6679,A,G,CCAACATACCA,CCAACGTACCA,TCCACCAATTTTGATCACAATGTTGGA,0,0
BADN01056577.1_6515,C,T,ACATACGTGCT,ACATATGTGCT,AAAATGAGAGACAGCAGGTTCCTG,0,0
BADN01057011.1_24879,G,C,ATGTCGAGGCC,ATGTCCAGGCC,TGTTGCATCCGGATTGAACTGAAA,0,0
BADN01057149.1_476,T,C,TAACGTAGGGG,TAACGCAGGGG,TGAAACTCTCTACAGGTGCATGCT,0,0
BADN01057323.1_9470,T,A,ATCACTAGACA,ATCACAAGACA,CTGATGCTGCTGTGATGAAACACA,0,0
BADN01057691.1_23269,T,C,GCCATTGGCAT,GCCATCGGCAT,TTCTTGTCCCATTCCTCTCTGCAA,0,0
BADN01058098.1_13763,G,A,GTGTCGG.TTT,GTGTCAG.TTT,AACCTATCGCTGCCAGGTAAATCT,0,0
BADN01058108.1_5159,G,C,TATCAGACTGA,TATCACACTGA,TGTGTGGCTCTTCTAGACTTTCCA,0,0
BADN01058170.1_15057,G,A,TCCACGAGCTC,TCCACAAGCTC,CCTGCAGGTGAATTCCAACCAG,0,0
BADN01058307.1_5419,A,G,A.AGCAACATC,A.AGCGACATC,AGCATTGGATGTTTTTGACAGGGT,0,0
BADN01058319.1_5341,G,A,TAGTGGTGAGC,TAGTGATGAGC,TGTCTGACCCTGCAGAGAAAAAGA,0,0
BADN01059466.1_9499,G,A,AACCCGACACC,AACCCAACACC,CAGTGCGGGAATGTGAAACCC,0,0
BADN01059959.1_4156,T,C,TAACATTAACC,TAACACTAACC,GTTGTGTTCTGTCTGCAGTGGTTA,0,0
BADN01061256.1_1240,T,A,CTGTCTGGTGC,CTGTCAGGTGC,CATCACTGCCCCTGAACAAACATG,0,0
BADN01061312.1_2107,G,A,CACAAGTACAG,CACAAATACAG,GTTACATGACCACCGCCTCTTTTC,0,0
BADN01061755.1_15610,C,T,AGTCTCGACTC,AGTCTTGACTC,TTGTCCCGTTCAGAAGTAGCAGAA,0,0
BADN01062019.1_1070,C,T,TGTGTCCACCC,TGTGTTCACCC,GTTTAGTTGGAGCAACAGTAGGGC,0,0
BADN01062201.1_16949,A,T,ACGGAAACACA,ACGGATACACA,AAGGATACAAGGTGACGCACGG,0,0
BADN01062554.1_7253,C,T,AGAGACGGAGA,AGAGATGGAGA,ATGACACAGAGACAGAGAGCAGAG,0,0
BADN01062661.1_3443,A,G,TGGTCATAAAT,TGGTCGTAAAT,TCCAGCAAATGTTCTGCAGCTATG,0,0
BADN01062948.1_1134,G,A,GGACGGAGGAG,GGACGAAGGAG,TTGTAAGACAAACACAGGCAGCAG,0,0
BADN01063274.1_1510,T,G,AAAATTATCTG,AAAATGATCTG,TGCTCAATGACGTTAGTTCAGAAAGAA,0,0
BADN01063722.1_671,C,T,TATGGCATGTA,TATGGTATGTA,AGCACCCTCAAAAAGTTGACAGTG,0,0
BADN01064221.1_10551,G,A,CAAACGACAGT,CAAACAACAGT,CATCTGCACACGTTACCTCGC,0,0
BADN01064365.1_1793,G,C,TTGTGGCTGGA,TTGTGCCTGGA,TAAGGTGCATTTTCATCAGGCCAC,0,0
BADN01064919.1_8488,A,G,AAGAAAAGATT,AAGAAGAGATT,CAAGTCCTGCTTTTCAGAAGCCAA,0,0
BADN01065892.1_3822,G,A,TCCCTGGAGGT,TCCCTAGAGGT,TTTGTAGTAAATGGAGCTGTGGAGC,0,0
BADN01066529.1_12372,G,A,CATACGGTGGC,CATACAGTGGC,TGTAGGAGGAGTTGCAGCTTGAAA,0,0
BADN01066935.1_6534,A,G,GTCTAAATACA,GTCTAGATACA,CCTGCAGTGGAAGAAAATATGGGC,0,0
BADN01067669.1_2298,A,G,AAACCAAGTGA,AAACCGAGTGA,GACCCTGAATGCATGCGGAAAG,0,0
BADN01068555.1_4844,G,A,AATCAGCCTGA,AATCAACCTGA,TGTGTCATATTGCACGTGGGTGTA,0,0
BADN01069812.1_5587,G,C,AAATAGTTTCA,AAATACTTTCA,ACATCTAAGCTACAAGACTACACTGCT,0,0
BADN01070313.1_3149,T,A,ACAGATGACAG,ACAGAAGACAG,AGGTGATTATACGTCTGCACCAAAC,0,0
BADN01071318.1_11438,C,T,GCCGGCTTTCC,GCCGGTTTTCC,AGAGGTGTGTTTCTGAAGGGACAG,0,0
BADN01071321.1_6712,A,G,CTTTTATACTA,CTTTTGTACTA,ACACCTGACAGAGTAAACTGGACA,0,0
BADN01071599.1_592,C,T,GCCGCCGCAAA,GCCGCTGCAAA,ACTGCAGCTTTAGTTTGTTGCCTG,0,0
BADN01071745.1_7113,C,T,TGAATCTAGGA,TGAATTTAGGA,TTTAGAGGTGAACGAGGGCTGAAT,0,0
BADN01072067.1_3785,G,C,GGGGTGGGATG,GGGGTCGGATG,CCTGGCCAACCTTAAGATCCCC,0,0
BADN01072111.1_3230,T,C,TTTTTTCCCCT,TTTTTCCCCCT,TGGCATCCCACCTCAATTTGTCAT,0,0
BADN01072119.1_2766,C,G,AGCGGCAACAT,AGCGGGAACAT,TATTGGTGTGTTTGGATCAAGCGG,0,0
BADN01072485.1_538,T,G,CCAAATTCAGT,CCAAAGTCAGT,AGTACGACTGCATGCAAATCCAAA,0,0
BADN01072497.1_2533,T,A,TTGAATGCTGG,TTGAAAGCTGG,CACTATTTGCATTAAAATCCCACAGCA,0,0
BADN01072565.1_11136,C,T,ATCCCCGCAAG,ATCCCTGCAAG,GTCTCATAGAGAGCTACGGATCCC,0,0
BADN01073078.1_3670,C,T,TGGAGCCTCTC,TGGAGTCTCTC,ACGCAGGAAGTGGATGTGAATACA,0,0
BADN01073827.1_4752,T,C,TAAACTGGAAC,TAAACCGGAAC,GCAACAAAAATAAGGCTGCAGTGG,0,0
BADN01073936.1_4207,C,T,ACACCCTGCTT,ACACCTTGCTT,CACATGCATGCTCTCTGTGTGTG,0,0
BADN01074255.1_9279,A,G,AACAAATGATG,AACAAGTGATG,ACACCTTCTCTATGCTGGGAAACA,0,0
BADN01074554.1_981,G,A,AACTCGCTAAC,AACTCACTAAC,GACACTCCACCTTCTTCCAAGTCA,0,0
BADN01074840.1_856,G,A,ATGACGCAAAT,ATGACACAAAT,TCAACTTGTGTGAATACGCGAATGA,0,0
BADN01074961.1_1812,A,G,AAATCAGTGAA,AAATCGGTGAA,CCAGAGTGTGCCACAAGAACAAAT,0,0
BADN01075129.1_2037,G,T,TCAATGGGCAA,TCAATTGGCAA,TAGGTGCGTATGCTGCTGATTTTG,0,0
BADN01075639.1_13406,C,A,GCTGGC.AA.G,GCTGGA.AA.G,ATTACAGCCTGCATAGACGTGTCA,0,0
BADN01076631.1_1332,G,A,TCAGAGCAGTC,TCAGAACAGTC,GCCAAACAGCCTGAGGGTTCA,0,0
BADN01077079.1_741,G,A,CAGTTGAATTG,CAGTTAAATTG,TTTAGCCCCACTGTACCCATGAAT,0,0
BADN01078362.1_2166,C,T,TGGGTCGTACT,TGGGTTGTACT,TGTGATTCTGCTCTCAGGCTCTAC,0,0
BADN01078879.1_7378,C,A,CACTACAGTGT,CACTAAAGTGT,AAGATGATGGCAACCTTTCAGTGC,0,0
BADN01079389.1_1562,C,T,CAGATCCTGCA,CAGATTCTGCA,CCCACATGGCGGAACTCTTTC,0,0
BADN01079465.1_97,C,T,GGTTCCGCAGG,GGTTCTGCAGG,GTGGGAAGCCTCCTGTATCATCTT,0,0
BADN01079677.1_10679,T,G,GTACTTCT.TC,GTACTGCT.TC,GCCTACAGACAACACTTTTAGCCC,0,0
BADN01079834.1_762,A,G,GCAGAAGCACT,GCAGAGGCACT,GATTCTCTCGCAGTGGATCCAGAA,0,0
BADN01080119.1_2112,C,G,TGTCACCATAA,TGTCAGCATAA,AGCCAGCCCTCTGAAAGACTTATG,0,0
BADN01080556.1_5079,G,A,TTCCAGGGGGG,TTCCAAGGGGG,GCTGCAAGACAAAGGCTCACC,0,0
BADN01080850.1_643,C,G,AGGTTCAGGTT,AGGTTGAGGTT,TCAGACATCAGGCATGCCTCTAAA,0,0
BADN01080882.1_3609,A,T,A.GCCAGCGAT,A.GCCTGCGAT,AAGAGGAGACACACTGAGCTGTTT,0,0
BADN01080967.1_4525,G,A,CCACTGTGTGT,CCACTATGTGT,TACTCTCTGACAAAAGACTCCCGC,0,0
BADN01080987.1_1040,G,A,GCGAAGGTTCC,GCGAAAGTTCC,GAGGTGACTTTGAGGTTTTCTGCG,0,0
BADN01081569.1_1412,T,G,GTTATTTTGCA,GTTATGTTGCA,GTGATACCATACTGCCAGCCTGTA,0,0
BADN01081624.1_3848,C,T,TTCTTCGAGGC,TTCTTTGAGGC,AGGTAAAAAAAACCATAGCCCGCA,0,0
BADN01081993.1_677,C,T,GACCACGGAAA,GACCATGGAAA,TGAAGAAACCTGCAGAGATGACCA,0,0
BADN01083052.1_1131,C,T,TGCAACAGGAC,TGCAATAGGAC,CGAAACCGTACAGAAGTGCAACAA,0,0
BADN01083076.1_2017,G,T,TATGTGCATTT,TATGTTCATTT,AATATGTGCGTGTGTCTCTGCATG,0,0
BADN01083870.1_14724,C,A,ACAATCTGTTT,ACAATATGTTT,CCATATGACTCCAGCATCCACAGA,0,0
BADN01084679.1_13352,C,T,TGGTGCCTCCA,TGGTGTCTCCA,CCTTTGAAGAAGCGTCTTTGTCGT,0,0
BADN01084851.1_5031,C,G,TCTGCCTTATG,TCTGCGTTATG,TTCCCTGCTCAGATGTAAGCTCTG,0,0
BADN01085047.1_6627,T,C,TTTTTTGTGG.,TTTTTCGTGG.,AAAAGCCCCTCAAAGCTCATTGTT,0,0
BADN01085667.1_2609,A,T,TTGTCATCTGC,TTGTCTTCTGC,TTGCAGAGAGATAAGAGGCAGGAG,0,0
BADN01085957.1_829,T,C,CTGAATTGCTA,CTGAACTGCTA,ATCAATGATGAGAGCATGCTGCAT,0,0
BADN01086201.1_3846,G,A,GGCCTGTGTGT,GGCCTATGTGT,CTTCCTTGTTTGTCTGCTCTGTGG,0,0
BADN01086274.1_2186,T,C,TTGTCTTCTGG,TTGTCCTCTGG,TGTAACAAGTACCTGTGAGGGTCC,0,0
BADN01086287.1_7824,G,A,AATAAGGGCTT,AATAAAGGCTT,ACACCATCCAACCTGAGCATACAA,0,0
BADN01086569.1_9017,A,T,CAACAAATCGG,CAACATATCGG,TGTTCTCCGTTTCAAACCCAACTG,0,0
BADN01086782.1_4102,C,A,GCAGGCTTGTG,GCAGGATTGTG,TGTGAGAGTGTGTGAATGTGCATG,0,0
BADN01086829.1_3408,G,A,CGACTGCGACC,CGACTACGACC,CTTTATAAGCCCAGGGTGTCGACT,0,0
BADN01086892.1_18991,C,G,CACATCC.CAG,CACATGC.CAG,TCTGTCTCTAGCTGGAAACCACAT,0,0
BADN01087022.1_1808,G,A,TTCGTGGGTTT,TTCGTAGGTTT,TCTTCTATCTGCAGGGTGTTTCGT,0,0
BADN01087166.1_1029,G,C,GCTGAGGGATA,GCTGACGGATA,ACTCCACCCTGTTCATATCTGCAG,0,0
BADN01089034.1_3705,C,T,GTCTGCGTGCA,GTCTGTGTGCA,CTCAGTCTGGATGGTGCCATTAGA,0,0
BADN01089993.1_6182,T,C,CTGGCTGGAGG,CTGGCCGGAGG,GAAATCAAACCGCAGCGCATACTT,0,0
BADN01090557.1_114,G,C,CAGGCGT.TGC,CAGGCCT.TGC,CCCTTTCAGTTTCAAGATGCTGGA,0,0
BADN01090929.1_438,G,A,ACAACGAAAAA,ACAACAAAAAA,GTCCTCCCCTGGGATTACACAAC,0,0
BADN01092686.1_9991,G,A,CTGGAGACAGA,CTGGAAACAGA,GCATGCCTCTAAACAAATTGGAAGTC,0,0
BADN01093157.1_8689,G,A,TATCTGTTCAT,TATCTATTCAT,TAGATGACACGACGAGAGAAGTGC,0,0
BADN01093246.1_3688,A,G,AAACAAACCAA,AAACAGACCAA,GCCCCTGTAGTGGTAAGGAAGAAA,0,0
BADN01093833.1_267,A,C,TCGCTAACAAG,TCGCTCACAAG,GAAATGGATCACAAGCTAGGTCGC,0,0
BADN01094316.1_3714,A,G,AATCTAATGGG,AATCTGATGGG,AACCAACTTAACCAACACTGCAGG,0,0
BADN01094782.1_3061,C,A,CGCCACGGTAT,CGCCAAGGTAT,ACTTAGTCACAGTGCATTGTGGGA,0,0
BADN01095261.1_743,G,A,GCTAAGCATGG,GCTAAACATGG,TGAATAATGCAGCTTCAAAGGGCA,0,0
BADN01095263.1_3876,G,T,ATTGTGGCATC,ATTGTTGCATC,GAGCTCACCCATCTGACGTCATTC,0,0
BADN01096727.1_642,G,A,TGTCTGTCAAC,TGTCTATCAAC,TGCAGCACACTACTGGAACAATTG,0,0
BADN01098852.1_4627,G,A,TCCTCGTTAAC,TCCTCATTAAC,TCCTTTGCATCCTGTTGTTACCATT,0,0
BADN01099048.1_7484,G,T,ACAGAGAAACA,ACAGATAAACA,ACGCTTGTCTTACTCAGGCCTTAA,0,0
BADN01099050.1_3126,G,A,TCGTTGCCTGT,TCGTTACCTGT,TCATAAATGAGGGGAGCTGCAGAA,0,0
BADN01099725.1_400,T,A,AGAAGTGA.AG,AGAAGAGA.AG,AGGGACTGGTTAACTATTCAGACAAAGA,0,0
BADN01100481.1_541,G,A,TTTGGGGCATT,TTTGGAGCATT,AGTAATTCACAGTTGCATGCGGAG,0,0
BADN01101164.1_511,T,C,GTTAATATAAA,GTTAACATAAA,GAATAACAGGCACCCCTTTACAGC,0,0
BADN01102244.1_776,T,G,TATTGTTTGGA,TATTGGTTGGA,AATCCGAGTGGCATGGTCGAAATA,0,0
BADN01104140.1_2106,C,A,CCCTACGAAAT,CCCTAAGAAAT,CCATCAGTGATGCAAATTGGCTGA,0,0
BADN01104182.1_1247,C,T,TGAGCCGCAAA,TGAGCTGCAAA,TCTCCACACACCGAAGAGTATTCC,0,0
BADN01105367.1_1942,T,C,TGAAATGCGTC,TGAAACGCGTC,AGCATCACAGATTACATAAACTGCTGA,0,0
BADN01105766.1_17724,A,G,ATTGTATTTGA,ATTGTGTTTGA,GCAGGACCACATGGCTTGTAAATT,0,0
BADN01106267.1_15155,A,G,CTTCAACTGTT,CTTCAGCTGTT,TGTCTTTGTTTCTCTCTGCCTCACT,0,0
BADN01107823.1_3880,C,T,GTGAGCG.TGT,GTGAGTG.TGT,CTTGAAAAAGCAGCCGTGATGGG,0,0
BADN01107903.1_6709,C,T,TCCCACGAGAT,TCCCATGAGAT,CAACCTGCAGCAAAGTTAAAACCG,0,0
BADN01108324.1_1338,G,A,ACAGTGAAAAT,ACAGTAAAAAT,GCAGGAGAGAAGAGAAATGTTGACC,0,0
BADN01110007.1_3160,T,C,TTGTTTAGGAC,TTGTTCAGGAC,TGCCAGGTTTGGGGTTATTGTCTA,0,0
BADN01110417.1_1565,C,T,AGAGACGTAGA,AGAGATGTAGA,AATCCATCTGCCATACACCCAGAG,0,0
BADN01112156.1_4797,C,T,TGCAGCTGCAT,TGCAGTTGCAT,AAGGTTAATGCAACATGCTGCTGT,0,0
BADN01112593.1_746,C,T,AGAATCTTCCT,AGAATTTTCCT,TTTTGGTTGGCTGGATGCAGATTT,0,0
BADN01113373.1_1649,C,T,TATCACTTACT,TATCATTTACT,GACCTGGAACAAGAATTATCAGTCTGT,0,0
BADN01116430.1_8846,C,A,CAGTCCGATAC,CAGTCAGATAC,ACGAGTGAACATACACGTCAGACA,0,0
BADN01117024.1_429,T,C,CACACTAGTAT,CACACCAGTAT,AAACCTCTTGCTCTGGAGTTCTGA,0,0
BADN01124063.1_397,G,A,CACTCGGAGAA,CACTCAGAGAA,TGAAAGGAGCTAAGTGGGAGTCAC,0,0
BADN01124995.1_398,T,C,ACACATGGTTT,ACACACGGTTT,TCTGTGGCATGCATTTGTAAGCAA,0,0
BADN01126788.1_1898,G,A,TGGATGTTCAC,TGGATATTCAC,CCGCCACTGTTTACAGAACGTTAT,0,0
BADN01128414.1_1766,C,T,AACGGCGTCGG,AACGGTGTCGG,ATCCAGATGCCGTCATGGTTGTAT,0,0
BADN01130913.1_1175,T,C,TGTAGTTCCCC,TGTAGCTCCCC,GTGCTTGGCTCAGAGTGATGAATC,0,0
Alb_SEX2,G,A,AAGAGG[CT]GATT,AAGAGA[CT]GATT,ACCCAGACTGAGAAGTGAGTCTC,0,0